#Paths Scenario;;;;;;;;
#latitude1,longitude1,altitude1,latitude2,longitude2,altitude2,roadrollingresistance,windDirection,windSpeed,typePath;;;;;;;;
41.20378043089591;-8.665321300834155;3;41.17114310386333;-8.587792947271303;0;0.5;0;0;1
41.17114310386333;-8.587792947271303;0;41.20378043089591;-8.665321300834155;3;0.5;0;0;1