#Paths Scenario;;;;;;;;
#latitude1,longitude1,altitude1,latitude2,longitude2,altitude2,roadrollingresistance,windDirection,windSpeed,typePath;;;;;;;;
41.220323486904334;-8.560524445686134;3;41.23238282053131;-8.620429576996159;0;0.5;0;0;1
41.23238282053131;-8.620429576996159;0;41.220323486904334;-8.560524445686134;3;0.5;0;0;1