#Paths Scenario;;;;;;;;
#latitude1,longitude1,altitude1,latitude2,longitude2,altitude2,roadrollingresistance,windDirection,windSpeed,typePath;;;;;;;;
41.20378043089591;-8.665321300834155;0;41.1720229682431;-8.612759070005488;210;0.5;180;5;1
41.1720229682431;-8.612759070005488;210;41.19248080879635;-8.575549246568027;300;0.5;180;5;1
41.19248080879635;-8.575549246568027;300;41.20378043089591;-8.665321300834155;0;0.5;180;5;1