#Paths Scenario;;;;;;;;
#latitude1,longitude1,altitude1,latitude2,longitude2,altitude2,roadrollingresistance,windDirection,windSpeed,typePath;;;;;;;;
41.20378043089591;-8.665321300834155;0;41.18446949378376;-8.682078569574953;0;0;180;4.44;2
41.18446949378376;-8.682078569574953;0;41.18040758869891;-8.654235046952822;0;0;180;4.44;2
41.18040758869891;-8.654235046952822;0;41.20378043089591;-8.665321300834155;0;0;180;4.44;2